{"barCount":48,"peaks":[0.08725245732406971,0.12067180937775021,0.1898988848743209,0.3220059079752095,0.4698478817068144,0.7367842475036855,0.7749446243366989,0.7088140138954389,1,0.6019119225242019,0.6815347460239067,0.813465430361274,0.8815888220069291,0.9116287036246227,0.9061734813235944,0.8282686030665027,0.6939423758898168,0.7035432997768263,0.6902004571161209,0.8306224168854461,0.7497944648473618,0.7799200325291407,0.647464555862115,0.6796463569961789,0.5531129663531342,0.6570007278209561,0.4277883712035411,0.5512812062518335,0.5937085262739652,0.5837677824112412,0.7857799195683576,0.6131024946434606,0.7603185794865892,0.5702606230295919,0.6377336639472404,0.5596959397988095,0.5658313590571005,0.5486868587470339,0.5591794561395039,0.5112219036974047,0.47258756131705887,0.48318650040661426,0.46197752852798213,0.3169233225769318,0.22596737988169197,0.13224619332929813,0.005716367378535594,0.00002810430264142465]}